country,country_code,year,region,population,gdp_per_capita,health_expenditure_per_capita,child_mortality_rate
Afghanistan,AFG,2019,Asia,37856125.0,2927.245,383.1649,6.2715735
Albania,ALB,2019,Europe,2885011.0,16761.123,992.4126,0.93866694
Algeria,DZA,2019,Africa,43294551.0,15199.199,752.6032,2.3281791
Andorra,AND,2019,Europe,76492.0,63215.9,4091.23,0.29873526
Angola,AGO,2019,Africa,32375633.0,9712.9795,188.94135,5.534807
Antigua and Barbuda,ATG,2019,North America,91377.0,29651.863,1135.5015,1.0302182
Argentina,ARG,2019,South America,44973469.0,26629.553,2379.694,1.0491704
Armenia,ARM,2019,Asia,2903975.0,16215.36,1738.5587,1.2125634
Australia,AUS,2019,Oceania,25482714.0,58048.617,5464.5693,0.37860116
Austria,AUT,2019,Europe,8880876.0,64609.285,6428.202,0.3471869
Azerbaijan,AZE,2019,Asia,10110483.0,20101.492,691.39655,2.2653437
Bahamas,BHS,2019,North America,394684.0,33202.49,2019.8605,2.4267964
Bahrain,BHR,2019,Asia,1485675.0,56749.96,2139.141,0.78375286
Bangladesh,BGD,2019,Asia,164913060.0,6838.326,128.62997,3.2297723
Barbados,BRB,2019,North America,281216.0,19890.455,1064.6445,1.1440879
Belarus,BLR,2019,Europe,9435415.0,26798.82,1305.0011,0.31306437
Belgium,BEL,2019,Europe,11490623.0,60479.977,6176.006,0.3921397
Belize,BLZ,2019,North America,385833.0,11765.975,507.2402,1.348552
Benin,BEN,2019,Africa,12726760.0,3281.1047,94.53454,8.704737
Bhutan,BTN,2019,Asia,764830.0,14555.188,417.63123,2.2716134
Bolivia,BOL,2019,South America,11671386.0,11930.916,631.9301,2.0600727
Bosnia and Herzegovina,BIH,2019,Europe,3345532.0,17029.297,1466.5083,0.6697443
Botswana,BWA,2019,Africa,2332082.0,18106.01,975.31445,3.9978778
Brazil,BRA,2019,South America,207455459.0,18018.621,1545.0332,1.5030346
Brunei,BRN,2019,Asia,442690.0,80228.16,1547.287,1.0532175
Bulgaria,BGR,2019,Europe,6975466.0,29149.922,1895.1364,0.67218775
Burkina Faso,BFA,2019,Africa,20961956.0,2391.5364,119.85648,8.80913
Burundi,BDI,2019,Africa,12255339.0,1054.726,70.51433,5.621824
Cambodia,KHM,2019,Asia,16481305.0,6448.885,311.26968,2.2804573
Cameroon,CMR,2019,Africa,25506095.0,4882.3555,154.86755,7.66216
Canada,CAN,2019,North America,37782934.0,57583.824,5554.9634,0.5179659
Cape Verde,CPV,2019,Africa,514116.0,9111.63,416.9149,1.4112571
Central African Republic,CAF,2019,Africa,4944708.0,1145.0956,78.39879,25.46916
Chad,TCD,2019,Africa,16685223.0,2604.5315,79.596794,11.39786
Chile,CHL,2019,South America,19197748.0,28227.979,2384.3738,0.70040965
China,CHN,2019,Asia,1423520357.0,18820.588,917.2216,0.8032591
Colombia,COL,2019,South America,49907987.0,17336.771,1267.6736,1.354837
Comoros,COM,2019,Africa,786582.0,3522.6687,170.59496,4.483985
Congo,COG,2019,Africa,5616656.0,6939.369,134.27977,5.2244883
Costa Rica,CRI,2019,North America,4999549.0,23496.83,1685.4113,0.91154045
Cote d'Ivoire,CIV,2019,Africa,28193014.0,5894.9224,175.92726,7.5299654
Croatia,HRV,2019,Europe,3986338.0,35122.797,2223.274,0.47237965
Cyprus,CYP,2019,Europe,1286669.0,45454.176,3128.2317,0.2973449
Czechia,CZE,2019,Europe,10554872.0,47763.617,3422.4473,0.30162317
Democratic Republic of Congo,COD,2019,Africa,92947450.0,1394.7646,40.25181,9.2232485
Denmark,DNK,2019,Europe,5814618.0,66758.63,6171.199,0.3779718
Djibouti,DJI,2019,Africa,1088710.0,5809.3047,130.27962,5.749322
Dominica,DMA,2019,North America,67901.0,17619.434,785.97345,3.296129
Dominican Republic,DOM,2019,North America,10894043.0,21451.287,863.4297,3.4352808
East Timor,TLS,2019,Asia,1300946.0,5103.1494,227.52518,5.476304
Ecuador,ECU,2019,South America,17340017.0,13870.489,979.4586,1.3804681
Egypt,EGY,2019,Africa,107553159.0,15026.568,614.66046,2.4815817
El Salvador,SLV,2019,North America,6222316.0,10543.938,859.41534,1.2208656
Equatorial Guinea,GNQ,2019,Africa,1670184.0,18446.592,539.52057,8.066555
Estonia,EST,2019,Europe,1326822.0,42215.035,2702.2666,0.25381467
Eswatini,SWZ,2019,Africa,1179885.0,10099.586,756.4076,5.149067
Ethiopia,ETH,2019,Africa,115737384.0,2437.9705,72.71959,5.359482
Fiji,FJI,2019,Oceania,914906.0,13056.331,566.103,2.5731912
Finland,FIN,2019,Europe,5521754.0,56922.49,4821.267,0.2369691
France,FRA,2019,Europe,65729460.0,53448.555,5719.345,0.4237606
Gabon,GAB,2019,Africa,2267711.0,19491.406,441.54517,3.8461828
Gambia,GMB,2019,Africa,2456847.0,2750.8213,76.17185,5.038891
Georgia,GEO,2019,Asia,3796722.0,18186.88,1201.6552,0.9574387
Germany,DEU,2019,Europe,83559184.0,62949.895,6779.508,0.3745677
Ghana,GHA,2019,Africa,31258943.0,6508.2466,195.35313,4.4082484
Greece,GRC,2019,Europe,10718581.0,33502.75,2590.8467,0.41478392
Grenada,GRD,2019,North America,115995.0,17036.916,811.00024,1.8515474
Guatemala,GTM,2019,North America,17103803.0,11466.377,664.11444,2.428843
Guinea,GIN,2019,Africa,13034349.0,3557.4624,126.989914,10.536412
Guinea-Bissau,GNB,2019,Africa,1967704.0,2442.2588,149.55164,7.9452877
Guyana,GUY,2019,South America,807668.0,13402.422,649.2465,2.9559457
Haiti,HTI,2019,North America,11105165.0,3361.7532,124.6594,6.1472816
Honduras,HND,2019,North America,9943637.0,6264.019,424.7971,1.765592
Hungary,HUN,2019,Europe,9770346.0,37662.676,2224.3042,0.413634
Iceland,ISL,2019,Europe,360709.0,65994.984,5227.257,0.27697825
India,IND,2019,Asia,1389030307.0,7702.1763,211.16661,3.4860835
Indonesia,IDN,2019,Asia,272489381.0,12757.785,345.046,2.1783395
Iran,IRN,2019,Asia,87051649.0,14841.075,832.1758,1.3395333
Iraq,IRQ,2019,Asia,41192172.0,14910.225,522.044,2.56829
Ireland,IRL,2019,Europe,4933493.0,96205.8,6135.1733,0.34344512
Israel,ISR,2019,Asia,8657466.0,44492.12,3114.7485,0.35762864
Italy,ITA,2019,Europe,60130136.0,49690.63,4014.2087,0.30790678
Jamaica,JAM,2019,North America,2823275.0,10816.372,702.7669,1.8772887
Japan,JPN,2019,Asia,126699421.0,46055.35,4679.332,0.24563278
Jordan,JOR,2019,Asia,10671893.0,10168.358,666.8633,1.4898053
Kazakhstan,KAZ,2019,Asia,19209556.0,33298.21,799.70105,1.0211991
Kenya,KEN,2019,Africa,51202829.0,5171.7124,204.77971,4.270811
Kiribati,KIR,2019,Oceania,123928.0,2926.5938,280.75992,5.91153
Kuwait,KWT,2019,Asia,4442201.0,51380.645,2627.5315,0.88655853
Kyrgyzstan,KGZ,2019,Asia,6494036.0,6087.602,229.01677,1.8303978
Laos,LAO,2019,Asia,7237635.0,8075.275,202.09016,3.6496234
Latvia,LVA,2019,Europe,1914267.0,35208.195,2202.676,0.39104542
Lebanon,LBN,2019,Asia,5794601.0,15659.566,1887.4459,1.4479833
Lesotho,LSO,2019,Africa,2209414.0,2773.2864,560.02954,6.811405
Liberia,LBR,2019,Africa,5043719.0,1575.7666,147.95734,8.873694
Libya,LBY,2019,Africa,6951040.0,14337.196,898.4062,1.1559094
Lithuania,LTU,2019,Europe,2795057.0,43078.71,2815.934,0.3942298
Luxembourg,LUX,2019,Europe,620167.0,132724.75,6700.6694,0.2403051
Madagascar,MDG,2019,Africa,28219559.0,1707.8315,50.002083,6.5011544
Malawi,MWI,2019,Africa,19025748.0,1687.2894,92.14736,5.129385
Malaysia,MYS,2019,Asia,33440590.0,31300.508,1111.0371,0.8195029
Maldives,MDV,2019,Asia,487737.0,21855.502,1731.3396,0.7400649
Mali,MLI,2019,Africa,21068405.0,2916.1716,91.125145,9.189007
Malta,MLT,2019,Europe,504017.0,53393.42,4671.7324,0.6114396
Marshall Islands,MHL,2019,Oceania,44030.0,6405.8965,785.8104,3.1225092
Mauritania,MRT,2019,Africa,4467714.0,6162.2104,173.45186,4.337833
Mauritius,MUS,2019,Africa,1286269.0,25958.49,1346.7844,1.570054
Mexico,MEX,2019,North America,125762978.0,21704.186,1111.3888,1.4967914
Micronesia (country),FSM,2019,Oceania,110293.0,3965.0537,391.60318,2.6383302
Moldova,MDA,2019,Europe,3112561.0,14621.24,864.66296,1.5503175
Mongolia,MNG,2019,Asia,3232118.0,15790.696,618.26917,1.556123
Montenegro,MNE,2019,Europe,611671.0,24585.115,2045.0597,0.31206518
Morocco,MAR,2019,Africa,36210907.0,8768.176,409.95956,1.9073374
Mozambique,MOZ,2019,Africa,29884378.0,1528.8899,109.743744,6.8607697
Myanmar,MMR,2019,Asia,52640718.0,6562.989,232.58145,4.3608284
Namibia,NAM,2019,Africa,2650499.0,10813.305,851.2146,4.6565423
Nauru,NRU,2019,Oceania,11609.0,11184.528,1232.9393,1.1963289
Nepal,NPL,2019,Asia,28414066.0,4607.5244,189.39748,3.102882
Netherlands,NLD,2019,Europe,17537505.0,67847.88,6217.2046,0.40209457
New Zealand,NZL,2019,Oceania,4989410.0,47392.19,3887.603,0.5215466
Nicaragua,NIC,2019,North America,6483660.0,6756.5933,508.4167,1.4270893
Niger,NER,2019,Africa,22947765.0,1605.1948,80.58392,12.0762615
Nigeria,NGA,2019,Africa,209485637.0,8361.787,160.09311,11.736663
North Macedonia,MKD,2019,Europe,1897643.0,21766.885,1412.9353,0.7109755
Norway,NOR,2019,Europe,5347733.0,90772.9,7432.085,0.24096265
Oman,OMN,2019,Asia,4591248.0,38292.387,1417.924,1.0779554
Pakistan,PAK,2019,Asia,230800908.0,5295.953,143.4372,6.58289
Palau,PLW,2019,Oceania,17821.0,19685.604,2219.458,2.3010335
Palestine,PSE,2019,Asia,4957773.0,6269.891,564.9952,1.5690824
Panama,PAN,2019,North America,4234698.0,33163.72,2701.9824,1.5865724
Papua New Guinea,PNG,2019,Oceania,9609014.0,4302.1626,94.40512,4.611539
Paraguay,PRY,2019,South America,6515059.0,15319.389,1013.2272,1.9239463
Peru,PER,2019,South America,32449302.0,15461.457,709.3429,1.4897572
Philippines,PHL,2019,Asia,110804685.0,9452.294,371.81912,2.804026
Poland,POL,2019,Europe,38225884.0,38181.62,2292.1062,0.44616857
Portugal,PRT,2019,Europe,10343218.0,40188.285,3584.0596,0.34504434
Qatar,QAT,2019,Asia,2797927.0,113160.98,3228.735,0.65554684
Romania,ROU,2019,Europe,19501542.0,36399.473,1912.9242,0.6830989
Russia,RUS,2019,Europe,146533063.0,37319.32,1759.399,0.59901637
Rwanda,RWA,2019,Africa,12776102.0,2753.5396,114.814026,4.266138
Saint Kitts and Nevis,KNA,2019,North America,46976.0,31512.193,1685.247,1.8223321
Saint Lucia,LCA,2019,North America,177675.0,22445.209,802.7613,1.8229791
Saint Vincent and the Grenadines,VCT,2019,North America,104183.0,16365.325,652.9506,1.427085
Samoa,WSM,2019,Oceania,209794.0,7034.4224,374.88614,2.0003812
San Marino,SMR,2019,Europe,34674.0,60171.05,4686.139,0.1537583
Sao Tome and Principe,STP,2019,Africa,213405.0,5702.0835,255.16005,1.7054281
Saudi Arabia,SAU,2019,Asia,30472809.0,62647.73,3030.8167,0.72487
Senegal,SEN,2019,Africa,16352926.0,4070.6123,163.98843,4.616034
Serbia,SRB,2019,Europe,6966155.0,21541.127,1701.6577,0.5630215
Seychelles,SYC,2019,Africa,117662.0,34346.07,1207.5449,1.4833219
Sierra Leone,SLE,2019,Africa,7731994.0,2852.6626,154.27423,10.826902
Singapore,SGP,2019,Asia,5669562.0,120678.34,4670.4624,0.24663505
Slovakia,SVK,2019,Europe,5450627.0,37194.21,2350.366,0.5922382
Slovenia,SVN,2019,Europe,2083438.0,44577.94,3642.5874,0.24013089
Solomon Islands,SLB,2019,Oceania,728156.0,2661.9578,111.4644,2.3106036
Somalia,SOM,2019,Africa,16030969.0,1491.2949,36.11472,11.836812
South Africa,ZAF,2019,Africa,59587880.0,14352.67,1101.8588,3.4329576
South Korea,KOR,2019,Asia,51767844.0,49790.867,3578.3506,0.3135723
Spain,ESP,2019,Europe,47435121.0,46896.418,4075.976,0.31800327
Sri Lanka,LKA,2019,Asia,22410552.0,14637.444,508.18713,0.7234676
Sudan,SDN,2019,Africa,45548179.0,3625.5232,185.39551,5.6065626
Suriname,SUR,2019,South America,605779.0,22966.74,1657.537,1.8404053
Sweden,SWE,2019,Europe,10279120.0,61070.523,6267.407,0.2642196
Switzerland,CHE,2019,Europe,8577525.0,81694.63,8422.36,0.40384728
Syria,SYR,2019,Asia,20353536.0,4928.029,147.85175,2.4558039
Tajikistan,TJK,2019,Asia,9529970.0,3649.8838,240.38808,3.0370605
Tanzania,TZA,2019,Africa,59174889.0,3484.6326,112.11017,4.555941
Thailand,THA,2019,Asia,71522264.0,21280.15,756.75714,1.0416758
Togo,TGO,2019,Africa,7619916.0,2862.6267,130.94821,6.5961447
Tonga,TON,2019,Oceania,105688.0,6859.7173,330.5783,1.0882616
Trinidad and Tobago,TTO,2019,North America,1484898.0,33748.707,1868.7148,2.1175847
Tunisia,TUN,2019,Africa,11875084.0,13243.902,752.7608,1.6871071
Turkey,TUR,2019,Asia,85357670.0,28741.053,1200.3925,1.1283088
Turkmenistan,TKM,2019,Asia,6803943.0,15080.903,1007.8071,4.351941
Tuvalu,TUV,2019,Oceania,10603.0,5515.8994,1159.8793,2.2725084
Uganda,UGA,2019,Africa,42999636.0,2689.4102,98.22128,5.1643915
Ukraine,UKR,2019,Europe,44957451.0,17636.555,953.68414,0.8502871
United Arab Emirates,ARE,2019,Asia,9377855.0,72822.945,3409.7002,0.6298464
United Kingdom,GBR,2019,Europe,67110958.0,53374.094,4983.8364,0.43691525
United States,USA,2019,North America,337790069.0,69121.46,10550.221,0.6493938
Uruguay,URY,2019,South America,3397206.0,30010.562,2382.5012,0.7461188
Uzbekistan,UZB,2019,Asia,32964700.0,9169.012,413.1242,1.5686915
Vanuatu,VUT,2019,Oceania,291995.0,3986.6562,115.88608,1.8147904
Vietnam,VNM,2019,Asia,97173778.0,11628.614,548.6043,2.0009522
Zambia,ZMB,2019,Africa,18513839.0,3591.5642,227.00629,5.347572
Zimbabwe,ZWE,2019,Africa,15271377.0,4993.865,89.96507,5.864005
